{
  "prepare_queue": {
    "installed": [],
    "uninstalled": []
  },
  "config_munge": {
    "files": {
      "res/xml/config.xml": {
        "parents": {
          "/*": [
            {
              "xml": "<feature name=\"Whitelist\"><param name=\"android-package\" value=\"org.apache.cordova.whitelist.WhitelistPlugin\" /><param name=\"onload\" value=\"true\" /></feature>",
              "count": 1
            },
            {
              "xml": "<feature name=\"ThemeableBrowser\"><param name=\"android-package\" value=\"com.initialxy.cordova.themeablebrowser.ThemeableBrowser\" /></feature>",
              "count": 1
            }
          ]
        }
      }
    }
  },
  "installed_plugins": {
    "cordova-plugin-whitelist": {
      "PACKAGE_NAME": "io.cordova.hellocordova"
    },
    "cordova-plugin-fullscreenforkfromthemeablebrowser": {
      "PACKAGE_NAME": "io.cordova.hellocordova"
    }
  },
  "dependent_plugins": {},
  "modules": [
    {
      "id": "cordova-plugin-fullscreenforkfromthemeablebrowser.themeablebrowser",
      "file": "plugins/cordova-plugin-fullscreenforkfromthemeablebrowser/www/themeablebrowser.js",
      "pluginId": "cordova-plugin-fullscreenforkfromthemeablebrowser",
      "clobbers": [
        "cordova.ThemeableBrowser"
      ]
    }
  ],
  "plugin_metadata": {
    "cordova-plugin-whitelist": "1.3.4",
    "cordova-plugin-fullscreenforkfromthemeablebrowser": "0.0.6"
  }
}
